Type,Polarizability (angstrom**3)
[#1:1],0.3771399617458512
[#6:1],1.4404853800194226
[#7:1],0.0
[#8:1],0.0
