SMIRKS,value
[#6X4:1]-[#1:2],0.014983300300245774
"[#6X4:1]-[#8X1,#8X2:2]",0.041691586728280154
"[#8X1,#8X2:1]-[#1:2]",-0.12321294677646491
